utterance, prediction, true label
Compare Microsoft to Sony. Snippet: Og ég held að Microsoft muni hafa meiri peninga til að búa til betri leiki en Sony., better, better
Compare Java to PHP. Snippet: Það er líka fullt af hlutum sem Java getur gert miklu betur (PHP ræður ekki einu sinni við lengi vel!)., better, better
Compare Windows 8 to Windows XP. Snippet: En það er ekki lögmætt að búa til ógrynni af afsökunum hvers vegna Windows 8 er verra en Windows XP eða Linux., worse, worse
Compare íshokkí to tennis. Snippet: Þeir gátu bara ekki skilið að íshokkí væri verulega svalara en tennis., better, worse
Compare Perl to Java. Snippet: Í þessum tilvikum er Perl betra tólið en Java og það er gott að hafa þetta hæfileikasett., better, better
Compare ipod to fartölva. Snippet: iPad, líkt og iphone og iPod Touch, er aldrei raunverulega "slökkt á""" svo iPad hefur þennan hraða eiginleika sem er jafnvel hraðari en fartölva.", better, better
Compare Scala to Java. Snippet: Scala er ekki betra Java, það er ML fyrir JVM, worse, worse
Compare Python to PHP. Snippet: Þetta gerir Python að betri vali fyrir almenna forritun en PHP, better, better
Compare Apple to Microsoft. Snippet: Apple líkar betur við Java en Microsoft., better, better
Compare JavaScript to PHP. Snippet: Fyrir hið síðarnefnda hef ég skoðað kóðann og það er örugglega auðveldara að leysa með JavaScript en PHP. - Hippietrail 13:33, 26 júlí 2007 (UTC), better, better
Compare iphone to fartölva. Snippet: iphoneinn þinn er miklu betri skjár en skjáborðið/fartölvan þín., better, better
Compare Bash to Python. Snippet: Sem svör er ég að leita að tilfellum þar sem Bash er í raun miklu betri en Perl eða Python til að þróa admin forskriftir., worse, better
Compare AWK to Sed. Snippet: Það keyrir meira en 3 sinnum hraðar en AWK lausnin sem kynnt er hér að ofan og um það bil 60 sinnum hraðar en GNU Sed! Virkilega áhrifamikið., better, better
Compare Apple to Intel. Snippet: Þegar Apple sagði að G5s væru hraðari en Intel var það samanburður við Prescotts., worse, better
Compare Perl to PHP. Snippet: Mér finnst Perl vera auðveldara en PHP., better, better
Compare Windows 8 to Windows 7. Snippet: Windows 8 er miklu hraðari en Windows 7, hef ég upplifað., better, better
Compare lacrosse to íshokkí. Snippet: Ég sagði ekki að lacrosse væri ekki spennandi, ég sá smá sýnishorn og er frekar ákafur, miklu betra en íshokkí., better, better
Compare Scala to Java. Snippet: Hins vegar held ég að Scala geri það auðveldara að smíða og prófa JBoss AS viðbætur/undirkerfi miðað við Java ., better, better
Compare iphone to fartölva. Snippet: Þú munt komast að því að það getur verið enn auðveldara að vinna úr iphone þínum en að nota fartölvu - og miklu skemmtilegra., better, better
Compare itunes to youtube. Snippet: Það er önnur skaðleg staða: Þú getur kvartað yfir því að iTunes og áskriftarsíður séu skaðlegar höfundarréttareigendum og hafi lakari hljóðgæði, en einn versti sökudólgurinn er youtube., worse, better
Compare Java to Groovy. Snippet: Þó að þessi meðhöndlun sé öll fáanleg í venjulegu JDK og sé þar með í boði fyrir Java forrit, þá hentar Groovy betur fyrir forskriftarþarfir eins og þessa., better, worse
Compare IBM to Microsoft. Snippet: 1994 Október: IBM gaf út OS/2 útgáfu 3.0, stýrikerfi sem er langt umfram allt sem Microsoft hafði eða hefði átt í mörg ár., better, better
Compare Direct3D to OpenGL. Snippet: Direct3D 10/11 API eru miklu betri en OpenGL og hægt er að styðja þau með stærðargráðum minni kóða og þróunartíma, better, better
Compare timbur to skóglendi. Snippet: Viðar- og timburbirgðir eru að tæmast um allan þróunarlöndin (mun hraðar en birgðir skóglendis)., worse, better
Compare Smalltalk to Java. Snippet: OO (þar sem Smalltalk er miklu þyngra OO en Java)., better, worse
Compare Java to PHP. Snippet: Svo.. ég er ekki að segja að Java geti það ekki (því það getur það), en það ER auðveldara að gera það í PHP., worse, worse
Compare dartmouth to harvard. Snippet: Ég held að það hefði ekki getað gengið betur með það sem gerðist (á dartmouth) í lok leiksins þarna uppi, og þá augljóslega keppinautur okkar (harvard).“, worse, better
Compare Python to Haskell. Snippet: Og á þessum tímapunkti gæti Python (eða Ruby) verið betri kostur, vegna þess að Hackage er enn á eftir PyPI á mörgum sviðum (og segðu, hversu marga daga þú þarft að kenna nýliði að vinna með mynd, eða að plotta töflur í Haskell? )., better, better
Compare BMW to Ford. Snippet: Þegar BMW er ekkert betri en Ford Fusion hefur iðnaðurinn vandamál., worse, worse
Compare gos to mjólk. Snippet: Jafnvel betri kostir fyrir gos eru vatn, ósykrað íste og léttmjólk, bendir hún á., worse, worse
Compare nixon to reagan. Snippet: Það er rétt að segja að Wilson var rasisti allra forseta eftir borgarastyrjöld: verri en Andrew Johnson, verri en Nixon, verri jafnvel en Reagan., worse, worse
Compare Perl to PHP. Snippet: Það getur verið mjög auðvelt að breyta Perl kóða fljótt en hægar í PHP., better, better
Compare Amazon to Apple. Snippet: Það hentar vel fyrir innihaldssvítuna sem Amazon hefur stillt upp fyrir hana, sem er betri en allar aðrar spjaldtölvur sem ekki eru Apple., better, better
Compare PHP to Java. Snippet: PHP gerir það aðeins hraðara að kóða en, til dæmis Java, þó auðveldara ... ég myndi ekki segja það., worse, better
Compare iphone to fartölva. Snippet: Að vafra um vefinn á iphone er miklu betri, að vafra um vefinn á fartölvunni minni er enn miklu betri., worse, better
Compare mit to stanford. Snippet: Yale bauð eiginlega ekkert, þetta var aðeins flottara, en stanford bauð langbesta FA pakkann., worse, worse
Compare Adidas to Nike. Snippet: Vita þeir að Adidas hönnuðir hafa hannað betri treyjur en Nike að undanförnu?, better, better
Compare OpenGL to Direct3D. Snippet: Af hverju keyrir OpenGL útgáfa af leiknum okkar hraðar en Direct3D á Windows 7? Það virðist sem það tengist ekki fjölverkavinnsla kostnaðar,“ skrifaði Linux teymi Valve á opinberu bloggi sínu., better, better
Compare pizza to súpa. Snippet: pizzan leit betur út en hún smakkaðist, en súpan var svo ljúffeng!, worse, worse
Compare Apple to Intel. Snippet: Kynning á G3 Power PC örgjörva framleiddum af Apple hraðari en tölvur sem keyra á Intel örgjörvum., better, better
Compare Samsung to Toshiba. Snippet: Samsung BD-P1000 er langt frá því að vera fullkomið, en það virkar miklu betur en Toshiba tilboðin tvö., better, better
Compare flottala to Integer. Snippet: ARM hefur í gegnum tíðina verið veikburða í flottölureikningi, en ég hef á tilfinningunni að ARM gæti gert betur fyrir hvert watt á integer vinnuálagi en x86., better, better
Compare Java to PHP. Snippet: Ég ætlaði upphaflega að þróa vefsíðuna mína með JSP, en komst að því að ISP minn styður ekki JSP, aðeins Java servlets (!), svo ég neyddist til að líta á PHP sem hraðari og auðveldari leið til að þróa síðuna., worse, worse
Compare Microsoft to Apple. Snippet: Það gæti verið verra fyrir Microsoft - Apple gæti verið ráðandi á þessum markaði., worse, worse
Compare Ruby to Python. Snippet: Ég hef farið í gegnum Ruby, njóttu þess, líkar það betur en Python, hef aldrei grafið PHP., better, better
Compare pennsylvania to california. Snippet: En hér er það sem er virkilega ógnvekjandi: Pennsylvania er í miklu betra ástandi en mörg ríki, eins og Kalifornía og Illinois - svo ekki sé minnst á Ameríku í heild., better, better
Compare Java to Lisp. Snippet: Eftir 15+ ár af C++/Java og OO værum við samt öll betur sett í forritun í Lisp., better, worse
Compare Ethernet to USB. Snippet: Ethernet verður alltaf hraðvirkara, en ef vélarnar þínar eru ekki tengdar á netinu skaltu panta USB snúruna og nota hana., better, better
Compare Groovy to Java. Snippet: Nei, ég hef haft mjög slæma reynslu af slæmu tungumáli :-) Og þegar ég byrjaði að komast inn í Groovy gæti ég sagt að tími sem varið er í eitthvað eins og til dæmis lokun, væri tími betur varið í Java heiminum en parametric polymorphism ., worse, worse
Compare hulu to youtube. Snippet: Skilaboðin voru ótvíræð: Hulu er betri staður fyrir eigendur efnis til að birta myndbönd en YouTube., better, better
Compare cnn to fox. Snippet: Ég held reyndar að cnn sé verri en Fox News., worse, worse
Compare Apple to IBM. Snippet: Við vorum ánægð með að Apple væri sessvara samanborið við alls staðar í samkeppni miðlungs IBM klóna., better, better
Compare suv to jeep. Snippet: Mér líkar þessi jepplingur betur en nokkur af fyrri bílum mínum - jepplingurinn Grand Cherokee, MB ML320, Cadillac SRX, Infiniti QX4., better, better
Compare pennsylvania to carolina. Snippet: pennsylvania er ekkert betra, en ríki eins og Suður-Karólína og Flórída hafa engan bús- eða erfðafjárskatt., worse, worse
Compare Windows XP to Windows 8. Snippet: Ef þú ert á Windows XP, Windows Vista eða Windows 7 - og ef þú ert að lesa þessa síðu og maður, þá er betra að uppfæra í Windows 8 verður óhreint og algjörlega þess virði: aðeins 40 dalir., better, worse
Compare MySQL to PostgreSQL. Snippet: ég hef verið að reyna að beygja MySQL (PostgreSQL hefur betri stuðning, worse, worse
Compare Ruby to PHP. Snippet: Ég kemst að því að þó að það sé satt að Ruby gæti haft færri libs en PHP, þá eru gæði þessara libs miklu betri., better, better
Compare wii to ps2. Snippet: RE4 stjórnaði betur á wii en ps2 eða GC en ekki nógu gott., worse, better
Compare Scala to Java. Snippet: Jafnvel án þungra hagnýtra dótsins, rétt eins og grunn OO tungumál, er Scala miklu betra en C++/Java/C#., better, better
Compare mjúkbolti to körfubolti. Snippet: Ég elska keppnishæfnina og ég er aðeins betri í mjúkbolta en í körfubolta., better, better
Compare Toshiba to Samsung. Snippet: Ég er með 2012 MBA með Toshiba SSD sem virðist standa sig á pari ef ekki betri en Samsung ssd á öðrum 2012 MBA., better, better
Compare hafnabolti to fótbolti. Snippet: Af hverju hafnabolti er betri en fótbolta, better, better
Compare Google to Intel. Snippet: Ég held að vandamálið sem bæði Apple og Google eiga við sé að Intel sé að verða betri í að búa til x86 flís með litlum krafti., better, worse
Compare kennedy to nixon. Snippet: Kennedy sýndi betri mynd en Nixon í raunveruleikanum líka., better, better
Compare gamecube to wii. Snippet: Ég gleymdi hversu æðislegur gamecube er, betri en wii imo, better, better
Compare Lisp to Python. Snippet: Það eru önnur tungumál sem gætu hentað betur en PHP ef þú vilt sjá hlutina frá öðru sjónarhorni - ég legg til að þú prófir hagnýtt tungumál eins og Lisp, Scheme, Haskell, F#, eða veikt innritað tungumál eins og Python., better, better
Compare Sigma to Nikon. Snippet: hér og hér ) sjónvirkni Sigma linsunnar er betri en jafngildir Nikon og Canon., better, better
Compare PHP to Python. Snippet: PHP er aðeins gott til að gera DB tengingar / vefsniðmát, þess vegna verður það að vera betra en Python til að gera þær, worse, better
Compare Samsung to Nokia. Snippet: Það var auðveldara fyrir Samsung að sjá hvað var að gerast en fyrir Nokia., better, better
Compare Nikon to Leica. Snippet: Nikon SP er betri en Leica M þegar kemur að því að nota samstillingarsnúrur., better, better
Compare viður to pappi. Snippet: Léttviður eða einn af hinum ýmsu plötuuppbótum er betri en pappa., better, better
Compare itunes to google. Snippet: Eins og snillingur Apple í itunes, er google með eitthvað svipað en betur heitir Instant Mix., better, worse
Compare Perl to PHP. Snippet: Samt sem áður er Perl enn betri en erfiðara en PHP, better, better
Compare IBM to Apple. Snippet: Ef þú ert að tala um CHRP/PREP vélbúnað, þá afhentu IBM og Motorola PowerPC vélar með fullt af PC arfleifð, á meðan Apple skilaði miklu betri, eldri ókeypis PowerPC Macs., better, worse
Compare Samsung to Toshiba. Snippet: hraðari Samsung SSD í sumum einingum og verulega hægari Toshiba SSD í öðrum)., better, better
Compare Apple to Dell. Snippet: Hún hefur líka komist að því að Apple Store fólkið og Mac spjallborð á netinu geta svarað spurningum mun betur en til dæmis þjónustuver Dell., better, better
Compare Dell to Apple. Snippet: Spyrðu hvaða myndritara sem er, Dell á svipað verði er MUN betri en Apple skjár., better, better
Compare Java to Perl. Snippet: Java er dýrara en Perl, það hlýtur að vera betra., better, better
Compare gos to mjólk. Snippet: Af hverju kostar gos $5 á lítra þegar mjólk er svo miklu betri fyrir þig?, better, worse
Compare USB to Bluetooth. Snippet: Mér finnst Ubuntu höndla USB tengi mun betur en XP gerði nokkru sinni (3 myndavélar 2 MP3 spilarar Bluetooth)., worse, better
Compare Sigma to Nikon. Snippet: Mér líst enn betur á Sigma (Nex) 30mm en Nikon, og ég vil hraðari, breiðari linsu en 50mm fyrir þessa ferð., better, better
Compare OpenGL to Direct3D. Snippet: Eini punkturinn minn er að slökkt er á kynningu á tölunum mínum, en það er ekkert tilfelli þar sem OpenGL hefur nokkru sinni verið hraðari en Direct3D í öllum prófunum sem ég hef keyrt á öllum vélum., worse, worse
Compare Windows XP to Windows Vista. Snippet: Gömul tölva sem keyrir Windows XP er mun eftirsóttari en önnur með betri vélbúnaði sem keyrir Windows Vista., better, better
Compare Toshiba to Samsung. Snippet: Samræmi: Það er hér sem annars yfirburða Toshiba E220 fellur í sundur miðað við Samsung E550., worse, worse
Compare Windows 8 to Windows XP. Snippet: Windows 8 hefur verulega betri öryggisaðlögun miðað við Windows XP eins og mynd 4 sýnir., better, better
Compare Groovy to Java. Snippet: Groovy gerir ritun Java forrita mun auðveldari., better, better
Compare Apple to Amazon. Snippet: Apple skýjatónlist verður betri en Google eða Amazon segir uppspretta iðnaðarins, better, better
Compare ps3 to ps2. Snippet: ps3 er betri en ps2 að mínu mati!, better, better
Compare vörubíll to rúta. Snippet: sturtu á vörubílastoppum, það er ódýrara og auðveldara en að byggja sturtu, og 3 af ykkur? í einni rútu?, worse, better
Compare Nikon to Sigma. Snippet: Nikon gaf Sigma fyrsta „wake-up call“ með ódýrari og miklu betri 35mm 1.8DX., better, better
Compare JavaScript to PHP. Snippet: Ég gerði nokkrar rannsóknir og ég komst að því að Facebook JavaScript SDK er betra en PHP SDK., better, better
Compare Python to Perl. Snippet: IMHO Python er miklu betri en Perl vegna OOP eiginleika þess., better, better
Compare Sigma to Nikon. Snippet: Linsan frá Sigma alveg jafn góð(eða betri) og allar aðrar linsur frá Nikon, Cannon eða Minolta., better, better
Compare Apple to Google. Snippet: Ég sé ekki að Apple samstillir neitt betur en Google., worse, worse
Compare Léttviður to timbur. Snippet: Það hefur einnig í för með sér auka víddarstöðugleika - krossviður bólgna ekki eða sprungur eins og solid sagað timbur., better, better
Compare iOS to Apple TV. Snippet: Þannig að ef þú hefur byggt upp sjónvarpssafn í kringum iTunes, þú átt iOS tæki og þú rífur DVD diskana þína, þá mun Apple TV líklega vera betri kostur., worse, worse
Compare Sony to Microsoft. Snippet: Sony Corporation (ADR) (NYSE: SNE) mun vaxa tekjur hraðar en Microsoft Corporation (NASDAQ: MSFT)., better, better
Compare tennis to golf. Snippet: Fyrir mig þýðir það að vera vinstrimaður sem er ríkjandi með hægri auga að ég er ömurlegur í tennis en frábær í golfi., worse, worse
Compare Windows Vista to Windows XP. Snippet: Og sala á Windows Vista er töluvert hægari en sala á forvera sínum, Windows XP., worse, worse
Compare golf to íshokkí. Snippet: Það er auðveldara að spila golf en íshokkí., better, better
Compare Adidas to Nike. Snippet: Á sama tíma ljómuðu þýsku íþróttafatafyrirtækin Adidas og Puma yfir aðra smásöluaðila þegar fjárfestar hrannast upp eftir betri hagnaði á fjórða ársfjórðungi frá bandaríska keppinautnum Nike í gærkvöldi en búist var við., better, better
Compare Samsung to Toshiba. Snippet: Samkvæmt prófunum (töflu hér að neðan) er Samsung SSD verulega hraðari en Toshiba útgáfan., better, better
Compare amazon to itunes. Snippet: Ég fer í Amazon MP3 verslunina (betri en itunes., better, better
Compare Haskell to Python. Snippet: Haskell er hraðari en C++, hnitmiðaðri en Perl, reglulegri en Python, sveigjanlegri en Ruby, týpnari en C#, öflugri en Java og á nákvæmlega ekkert sameiginlegt með PHP.&quot; - Autrijus Tang (leiðtogi Pugs), better, better
Compare itunes to youtube. Snippet: Ef þú leitar að því á itunes skaltu slá inn &quot;Theme from Terms of Endearment by Cincinnati Pops Orchestra&quot; - það er miklu betri útgáfa en það sem YouTube hefur hér., better, better
Compare Java to Perl. Snippet: Jimmy Clark skrifaði: Til að vera hnitmiðaður, þá gæti forritið í þessari færslu sem er skrifað í Java virka hraðar en forritið skrifað í Perl., better, better
Compare Windows XP to Windows 98. Snippet: Windows 7 hefur ekki verið hraðari fyrir mig en XP undir VMWare Fusion (en kannski er það augljóst; Windows XP myndi líklega virka hægar en Windows 98 líka)., worse, worse
Compare Python to PHP. Snippet: Ég hata ekki Python heldur, en ég held að við séum betur settir í PHP., worse, worse
Compare stál to ál. Snippet: Enginn bíll keyrir betur og öruggari en þessi, úr alvöru stáli, ekki plasti eða áli., better, better
Compare Apple to Microsoft. Snippet: 13/16 Linux dreifingar (og Apple) voru með hraðari meðalhleðslutíma en heimasíða Microsoft., better, better
Compare Nokia to Samsung. Snippet: Ég ver ekki lengur að Nokia sé betri en Samsung eins og ég gerði alla þessa daga., worse, worse
Compare Oracle to PostgreSQL. Snippet: Af þessum sökum, jafnvel þó að Oracle sé betri en PostgreSQL í að skipuleggja WITHs, myndi ég búast við að það yrðu vandamál líka., better, better
Compare Ford to Toyota. Snippet: Þegar borið er saman við Ford vörurnar sem við áttum áður hafa Toyota ökutækin verið betri upplifun fyrir okkur., better, worse
Compare Windows Vista to Windows XP. Snippet: Við vitum að Windows Vista er mun erfiðara að falsa en Windows XP, en við vitum líka að sjóræningjar munu halda áfram að reyna,“ segir hann að lokum., worse, better
Compare gúmmí to steypa. Snippet: Þetta eru flottustu gúmmíteysur sem ég hef spilað á, líklega jafnvel betri en steypa., better, better
Compare ds to psp. Snippet: ds slær út psp, better, better
Compare youtube to itunes. Snippet: Það hefur batnað með youtube, en itunes-síða Kreva er ber fyrir utan samstarf hans við Miyavi., better, better
Compare Python to Perl. Snippet: 2. „Python er betri en Perl, better, better
Compare Python to Ruby. Snippet: Það er satt, aðgerðaflutningur er sársaukalaus í Python og aðeins erfiðari í Ruby., better, better
Compare Leica to Nikon. Snippet: Ég er búinn að forpanta mér Leica M og ég vona að þetta sé myndavél sem ég get notað fyrir mín persónulegu verkefni ... mig langar í eitthvað lítið, stafrænt .... og ég vil að myndirnar &quot;liti&quot; betur út en Canon /Nikon osfrv ..., better, better
Compare Python to Perl. Snippet: Python er jafnvel meira &quot;underground&quot; en Perl (og þar með svalara?)., better, better
Compare Java to PHP. Snippet: Sannaðu að Java er &quot;hraðvirkara&quot; en PHP í almennum skilningi., better, better
Compare Windows 8 to Windows 7. Snippet: ég elskaði Windows 8 en ég held að Windows 7 sé betra...., worse, worse
Compare Intel to Kingston. Snippet: Hér er spurningin: telur einhver ykkar að Intel 510 sé betri kostur en að segja OCZ Vertex3 MIOPS eða Kingston HyperX?, worse, better
Compare fótbolti to hafnabolti. Snippet: FD: fótbolti og hafnabolti komust hraðar í gang en hafnabolti., worse, better
Compare Renault to Ferrari. Snippet: Renault vann einnig smiðsmeistaramótið á Ferrari., better, better
Compare facebook to google. Snippet: Aftur, facebook vex hraðar en Apple og google., worse, better
Compare Perl to Python. Snippet: (þ.e.: hægari, almenna Perl vél, á móti hraðari Python DFA-byggðri vél)., worse, worse
Compare Toshiba to Samsung. Snippet: Ef þú hefur verið að velta því fyrir þér hvers vegna Toshiba SSD viðmiðin þín eru hægari en Samsung einhvers annars, athugaðu til að sjá hvers konar gögn viðmiðunartólið skrifar á drifið., worse, worse
Compare Python to PHP. Snippet: Python er að gera OO smell mun betri en PHP hefur nokkru sinni gert, og ég er að lesa meira og meira um OO meginreglur til að auka þennan betri skilning., better, better
Compare BMW to Ford. Snippet: Við fórum í BMW X5 hennar! Jæja, ég skal segja þér að hann er miklu betri en Ford minn., better, better
Compare USB to Ethernet. Snippet: USB er auðveldara og hagnýtara en Ethernet fyrir mörg forrit., better, better
Compare Nissan to Toyota. Snippet: Nissan hefur einnig náð sér mun hraðar eftir jarðskjálftann og flóðbylgjuna í Japan en keppinautarnir, Toyota og Honda., better, better
Compare Toshiba to Samsung. Snippet: Reyndar er Toshiba betri en Samsung á öllum sviðum nema fyrir svartstigið og hljóðið um borð., better, better
Compare iphone to fartölva. Snippet: Já, þetta er teygjanlegt, en borðtölva + iphone gæti verið betri en dýr fartölva., worse, better
Compare Eclipse to NetBeans. Snippet: Einnig er Eclipse með fleiri viðbætur en NetBeans., better, better
Compare steypa to viður. Snippet: steypa er kaldara en viður eða það sama., worse, better
Compare Honda to Ford. Snippet: En ég myndi veðja á að hlaðinn, $30.000 Honda Accord býður upp á meiri fágun og EcoBoost Ford Fusion er hraðari., worse, worse
Compare Amazon to Apple. Snippet: Hönnuðir munu ekki líta á Amazon sem betri en Apple., worse, worse
Compare pistol to rifle. Snippet: Það er erfiðara að halda skammbyssu stöðugri en riffli., worse, worse
Compare Nikon to Sigma. Snippet: Nikon D800 státar af betra kraftsviði en Sigma SD1 Merrill á öllu sviðinu., better, better
Compare Windows XP to Windows Vista. Snippet: Windows XP og Ubuntu ganga betur en Windows Vista á litlum örgjörva og litlu vinnsluminni þessara tölva., better, better
Compare JavaScript to PHP. Snippet: JavaScript er víða talið enn verra en PHP og er samt óumflýjanlegt í vefþróun., worse, worse
Compare Sony to Dell. Snippet: Sony VAIO Pro 13 (30/14 fps) og Lenovo X240 (31/17 fps) stóðu sig aðeins betur en Dell., worse, better
Compare gamecube to ps2. Snippet: Gamecube hefur betri áferðarhæfileika en ps2., better, better
Compare stanford to mit. Snippet: Hér er hvers vegna stanford sprotafyrirtæki eru betri en með gangsetningum, better, better
Compare PHP to JavaScript. Snippet: Að nota PHP með mySQL er almennt betri lausn en að nota JavaScript fyrir þessa tegund af hlutum., better, better
Compare sími to fartölva. Snippet: Ég get skrifað alveg jafn hratt ef ekki hraðar í símanum mínum en fartölvunni., better, better
Compare IBM to Apple. Snippet: Ef þú getur sameinast markaðsleiðtoganum (IBM) geturðu notað markaðsyfirráð til að slá á vörur af miklu betri gæðum (Apple tölvur)., worse, worse
Compare kennedy to nixon. Snippet: SCHNEIDER: Judy, Kennedy vann vegna þess að hann leit betur út en Nixon gerði í sjónvarpinu., better, better
Compare Audi to Lexus. Snippet: Ef þú ferð með Audi S6, muntu eiga miklu auðveldara með að finna nógu stórt pláss til að leggja í en þú munt gera með Lexus LS 460., better, better
Compare cornell to harvard. Snippet: Docter hélt áfram traustum leik sínum í heimasigri á Cornell á laugardaginn og leiddi Harvard með 13 dráp., better, worse
Compare Ford to BMW. Snippet: Fordinn minn er miklu stærri PIA til að vinna á en BMW minn, nema það er auðveldara að skríða undir..., worse, better
Compare Scala to Java. Snippet: Til að draga saman: Scala fyrir mér er bara betri Java með of mörgum skiptum., worse, better
Compare fartölva to sími. Snippet: Sem betur fer fékk ég Verizon þráðlaust breiðband fyrir fartölvuna mína í dag og það virkar í lagi frá bænum frænda míns, betur en farsíminn, sem virkar illa., better, better
Compare Groovy to Java. Snippet: Groovy kóða lítur út og líður oft eins og Java kóða, en er næstum alltaf einfaldari og auðveldari í notkun., better, better
Compare Chevrolet to Ford. Snippet: Peningar eru í boði, en heimild til að nota þá er stöðvuð þar til Chevrolet gengur betur í þessu litla söluþrá við Ford., worse, better
Compare Leica to Nikon. Snippet: Ég var bara að grínast :) ... Sem ljósmyndari sem gerir stórar prentanir (og þarf MF myndavél) er hasselbladið augljóslega betra en Dx snið myndavél, og sem götuljósmyndari er Leica ómerkjanleg og getur oft filmað eins og punktur. n myndatöku en ef þú vilt fara út og taka bara frábærar myndir (eins og þær sem þú ert með) er Nikon fullkomið., worse, worse
Compare Audi to Lexus. Snippet: Audi Q5 er örlítið styttri en Lexus RX 350, sem gæti gert það auðveldara að leggja bílnum., worse, better
Compare Windows 8 to Windows XP. Snippet: Jafnvel Windows 8 gerir (mín reynsla) ágætis starf við að spila leiki sem rekja til Windows XP tímabilsins., better, better
Compare Samsung to Nokia. Snippet: Sem stendur er Samsung betri en Nokia í næstum öllum skilmálum - framleiðslu, flutninga, markaðssetningu osfrv., osfrv., better, better
Compare JavaScript to PHP. Snippet: JavaScript er alveg jafn slæmt og PHP ef ekki verra núna þegar einhver hefur reynt að flytja það yfir á netþjóninn., worse, worse
Compare MySQL to PostgreSQL. Snippet: MySQL Server er almennt miklu hraðari en PostgreSQL., better, better
Compare Ethernet to USB. Snippet: Ég er að hugsa um að grípa þráðlausa Ethernet brú eða jafnvel betra, þráðlaust USB net millistykki., better, worse
Compare NetBeans to Eclipse. Snippet: 2 svör við &quot;NetBeans Unit Test Creation betri en Eclipse?, better, better
Compare bjór to te. Snippet: Humli er líka notaður í bjór sem bragðast betur en teið., better, better
Compare stál to timbur. Snippet: Betri valkostur er að skipta út léttum stáli Zeds fyrir timburbjálkana., worse, worse
Compare Asus to Gigabyte. Snippet: Fyrsti kosturinn minn var Asus síðan Gigabyte., better, better
Compare íshokkí to hafnabolti. Snippet: Ég var betri í íshokkí en hafnabolta,“ viðurkenndi hann., better, better
Compare Apple to Microsoft. Snippet: Að lokum var hugmyndin fullkomnuð af Apple - og síðar illa afrituð af Microsoft., better, better
Compare ps2 to gamecube. Snippet: PS2 er á vissan hátt betri en gamecube: 1., better, better
Compare Windows 8 to Windows 7. Snippet: Nei. Windows 8 er miklu betra en Windows 7 er á snertitæki., better, better
Compare Samsung to Toshiba. Snippet: Þú ættir heldur ekki að vita hvort SSD er viðeigandi gæði Samsung, miklu hægari og lægri gæði Toshiba., worse, better
Compare Ford to BMW. Snippet: Þeir hefðu betur tekið þátt í sportbílakappakstri eins og Ford er að gera með nýja Mustang sem hefur þegar unnið fjórar keppnir gegn BMW M3s, Porsche 911s, Nissan 350Zs og öðrum bílum í Grand-Am Cup., better, better
Compare Scala to Java. Snippet: Scala og Cloture gera forriturum kleift að skrifa kóða sem er virkari og oft hraðari en Java þegar þeir keyra á sama JVM., better, better
Compare virginia to oregon. Snippet: Það er líka ástæðan fyrir því að ég myndi ekki nenna að taka West virginia alvarlega sem keppanda, jafnvel þótt brot þeirra gæti tæknilega séð aðeins betra en Oregon brotið., worse, better
Compare Ethernet to USB. Snippet: Fullur 10/100 Mbps Fast Ethernet afköst yfir USB 2.0 480 Mbps rútu - hraðari en flestar þráðlausar tengingar, worse, better
Compare Windows Vista to Windows XP. Snippet: Windows Backup er sannarlega gagnleg viðbót við Windows Vista og miklu flottara en öryggisafritunarforritið sem fylgdi Windows XP., better, better
Compare Windows XP to Windows 98. Snippet: Og Windows 7 virkar mjög vel miðað við Windows XP (sem virkaði miklu betur en Windows 98, en ég vík frá mér)., better, better
Compare Amazon to Apple. Snippet: Mér finnst Amazon vera með miklu betra úrval af fluguveiðibókum en annað hvort B&amp;N eða Apple., better, better
Compare Sigma to Nikon. Snippet: Ég held að einu kostir sem ég hef heyrt að Sigma hafi yfir Nikon sé betri bokeh, breiðari svið og auka 1/3 stopp., better, better
Compare Audi to Lexus. Snippet: Svo virðist sem lúxusframleiðendur ætli sér að stærra er betra þegar kemur að grillum (við erum að horfa á þig, Audi), en Lexus tekur kökuna hér., worse, worse
Compare edik to safi. Snippet: Og ég hef komist að því að nota eplasafaedik í stað sítrónusafa er gott ívafi og heldur betur., better, better
Compare Scala to Java. Snippet: Við lærum að í þessari tilteknu uppsetningu er tiltekið bókasafn skrifað í Scala hraðvirkara en tiltekið bókasafn skrifað í Java., better, better
Compare Nissan to Toyota. Snippet: Nissan var betri, lét mig aldrei ganga eins og Toyota gerði nokkrum sinnum., better, better
Compare íshokkí to körfubolti. Snippet: íshokkí er miklu betri íþrótt en körfubolti IMO., better, better
Compare Java to Python. Snippet: Netbeans+Java hefur yfirburða GUI verkfæri, en allt sem ég hef nokkurn tíma séð í Python., better, better
Compare Scala to Java. Snippet: Ég skal viðurkenna að ég hef tilhneigingu til að renna inn í &quot;Scala sem betra Java&quot; hugarástand þegar ég ætti að vita betur., worse, better
Compare Scala to Java. Snippet: Scala kóði er venjulega hnitmiðaðri en Java kóði (dæmið sem birt er gæti verið undantekning), en ég efast um að hann sé því auðveldari að lesa eða skilja., worse, better
Compare IBM to Microsoft. Snippet: IBM hefur alltaf skilið heilleika byggingarlistar betur en Microsoft, sem gefur gráðu (stundum í hámarki, stundum ekki) betra öryggi., better, better
Compare Groovy to Java. Snippet: Málið er að þegar ég horfi á Ruby, eða kannski Groovy eða Scala eru jafnvel betri þar sem þau eru nær Java, þá hafa þessi tungumál sett af eiginleikum sem styðja hvert annað., better, worse
Compare Windows 7 to Windows 8. Snippet: Í samanburði við Windows 7 hefur Windows 8 hraðari ræsingartíma., better, worse
Compare gos to súkkulaði. Snippet: Safi, glúkósatöflur, íþróttadrykkir, jafnvel gos, eru betri en súkkulaði., better, better
Compare Lisp to Python. Snippet: @paulgarrett: þess vegna er Scheme (eða næstum hvaða Lisp, sérstaklega lógó sem er) betra en Python (sem sjálft er betra en öll Algol-lík tungumál, þar á meðal C eða Pascal) til kennslu: það hefur í grundvallaratriðum enga setningafræði (eða, í með öðrum orðum, næstum því einfaldasta setningafræði sem mögulegt er)., better, better
Compare Dell to Apple. Snippet: Acer Travelmate 8372 og Aspire 3820, Dell Vostro V130, Samsung QX310 eru allir með óæðri skjái; Sony Vaio S13 og Apple MacBook Air eru ekki eins dýr; Sony Vaio..., worse, worse
Compare Floating-point to Integer. Snippet: Fyrir suma arkitektúra er umbreyting á milli int og float ekki dýr og fljótandi punktaskipting vélbúnaðar er mun hraðari en hugbúnaðarbundin heiltöluskipting., better, better
Compare MySQL to PostgreSQL. Snippet: Í fyrsta lagi er MySQL verulega hraðari en PostgreSQL og Oracle., better, better
Compare PHP to JavaScript. Snippet: Ég vil nota PHP þar sem ég þekki það betur en JavaScript., worse, better
Compare Python to Bash. Snippet: Python útgáfan er vissulega margorðari en Bash hliðstæða hennar, en mun auðveldari að lesa (og ég vona að viðhalda henni í framtíðinni)., better, better
Compare Chrysler to Toyota. Snippet: Þeir lentu í dásamlegu áhlaupi hjá Chrysler með miklu betri heildarpakka (samanlögð laun, heilsugæslu og lífeyri) en starfsbræður þeirra hjá Toyota í Bandaríkjunum., better, better
Compare steypa to viður. Snippet: Steypan var því miklu betri en tré., better, better
Compare california to pennsylvania. Snippet: Kalifornía gengur verr en Pennsylvania og Ohio ... Ryðbeltisríkin tvö sem hafa verið áberandi í forsetakosningunum vegna tapaðra framleiðslustarfa., worse, worse
Compare OpenGL to Direct3D. Snippet: OpenGL sýnir líka miklu meiri virkni en Direct3D og þegar vélbúnaðarframleiðendur bæta nýjum eiginleikum við GPU sína geta þeir gert það aðgengilegt fyrir endanotandann mun hraðar með því einfaldlega að bæta við nýrri viðbót við bílstjórann sinn., better, better
Compare MySQL to PostgreSQL. Snippet: Sennilega er MySQL meira notað, hefur meiri upplýsingar aðgengilegar á internetinu og er auðveldara í notkun en PostgreSQL., better, better
Compare Ethernet to USB. Snippet: Gigabit Ethernet (sem allar TeraStations styðja) er hraðari en nokkur bragð af USB eða firewire, og er miklu meira til þess fallið að tengjast samtímis við margar vélar., better, better
Compare Toyota to Ford. Snippet: Almennt virðist Toyota byggja vel trausta ef leiðinlega bíla, en þetta er bilun í Ford-flokki, td, better, better
Compare Microsoft to Google. Snippet: Jafnvel þótt Microsoft takist að finna upp eða kaupa nýja hugmynd, mun Google koma með leið til að gera hana hraðari, ódýrari, öruggari og öflugri., worse, worse
Compare súpa to pizza. Snippet: Mamma, sem betur fer, hafði barnapían hans Grant, soledad, eldað súpu og grillað kjúkling sem var betri og jafnvel auðveldari en ég að kalla eftir pizzu!, worse, better
Compare Lisp to Java. Snippet: IMHO Lisp er allt of þungur í svigum, Java forrit er auðveldara að lesa., worse, worse
Compare cnn to fox. Snippet: cnn er verri en refur!., worse, worse
Compare Pepsi to Coca-Cola. Snippet: Heimildir okkar segja okkur að Pepsi hafi fundið fyrir því að Lynxxx, sem eyddi meiri hluta ársins 2011 í túr og taka sjónvarps-/útvarpsviðtöl, hafi verið feril dauður í allt of langan tíma og þetta hefur áhrif á viðveru vörumerkis þeirra í Nígeríu sem nú er stjórnað af erkikeppinautnum Coca-Cola. ., worse, worse
Compare Ruby to PHP. Snippet: Ruby 1.9.1 var um það bil 3.15X hraðari en PHP 5.3.1 að geta klárað þetta verkefni á innan við 2 sekúndum., better, better
Compare Chevrolet to Ford. Snippet: Drifrás Vegna mun hærra togs sinnar Chevrolet Express 2500 mun betur við að flytja hestöfl vélarinnar til hjólanna en Ford Transit Connect., better, better
Compare Python to Lisp. Snippet: Python , besta tungumál sem fyrirtæki getur notað án þess að hætta á skort á forriturum (Common Lisp er betra, en ég þekki engan sem kann það nema ég), worse, worse
Compare Lexus to Cadillac. Snippet: Við vitum báðir að Lexus er með betri fulltrúa en Cadillac en mig langar að vita hvers vegna þeir geta ekki verðlagt gerðir sínar eins og BMW og MB ef ímynd þeirra er talin vera jafn virt., better, better
Compare Ruby to Perl. Snippet: Ruby OO er miklu flottari en OO Perl þar sem allt er gert-það-sjálfur verkefni., better, better
Compare Perl to Python. Snippet: Perl hefði verið betri ef það hefði verið gott REPL eins og Python., worse, worse
Compare Bash to Python. Snippet: Allt meira en nokkrar línur af Bash væri hægt að gera betur í Python., better, worse
Compare Samsung to Nokia. Snippet: Í 2. sæti er Samsung, eins og við sjáum að glæsileiki þess í hönnun og notendaviðmóti er miklu betri en Nokia..., better, better
Compare steinn to stál. Snippet: Bókasafnið var gætt af steinhurð sem var lýst sem „harðari en stál“., worse, better
Compare Leica to Nikon. Snippet: Nú eru Leica linsur almennt bestu IMO, ekki svo mikið vegna betri myndgæða með hvaða linsu sem er, heldur vegna mun betri samkvæmni í QC þeirra en fjöldaframleiðendur Nikon, Minolta o.fl., better, better
Compare Chevrolet to Ford. Snippet: Ég elskaði útlitið á Chevrolet og það var það sem ég vildi endilega, en ef verðið væri betra hefði Ford hentað mér alveg ágætlega., better, better
Compare Windows 98 to Windows XP. Snippet: Núna væri þetta fínt fyrir mjög gamla leiki eða aðra leiki sem nota ekki 3D hröðun (eins og leiki sem byggja á QuickTime), nema að svona gamlir leiki væri betra að spila í Windows 98 VM frekar en Windows XP VM ., worse, better
Compare Sony to Intel. Snippet: Örgjörvaframmistaða AMD APU vélbúnaðarins á Sony PS4 og Microsoft XBox720 er á pari ef ekki hægari en Intel Core2Quad Q9650 sem er frekar gamaldags, 4-5 ára örgjörvi., worse, better
Compare JavaScript to Ruby. Snippet: Eitt: Less.js hefur verið skrifað frá grunni fyrir frábæran árangur, svo jafnvel vafrar með lélega JavaScript útfærslu ættu samt að keyra það mjög vel (Less.js er um það bil 40 sinnum hraðari en Ruby útfærslan - svo það er nóg að segja að það er mikið hraðar.)., better, better
Compare Python to Bash. Snippet: Einnig er verið að endurskrifa allt valmyndakerfið (aftur) fyrir Debian grunninn (með því að nota sysvinit frekar en uppstart), en í þetta skiptið verður það í Python frekar en í Bash (sem ætti að gera það töluvert hraðara líka)., better, better
Compare Python to Java. Snippet: miklu betra/auðveldara að gera viðmótið í Python en í Java., better, better
Compare Java to Python. Snippet: Það er, ég get kóðað hraðar í Java en í C++; Ég get kóðað hraðar í Python en hvorum þeirra., better, better
Compare Audi to Mercedes-Benz. Snippet: Einnig er Audi að selja betur en BMW og Mercedes-Benz í Þýskalandi, sem er heimamarkaður fyrirtækjanna, augljóslega., better, better
Compare Toyota to Chrysler. Snippet: Hvað varðar áreiðanleika tegunda sem seldar hafa verið undanfarin þrjú ár sýnir CR að 90% Toyota tegunda sem það hefur metið hafa betri áreiðanleika en meðaltal, á móti 35% fyrir Chrysler, 25% fyrir GM og aðeins 7% fyrir Ford ., better, better
Compare Windows XP to Windows 8. Snippet: Það er miklu auðveldara að nýta galla í Windows XP en í nýrri útgáfum, eins og Windows 7 og Windows 8, sagði Moore, vegna viðbótaröryggisráðstafana sem Microsoft hefur bakað inn í nýrri stýrikerfin., better, worse
Compare Scala to Java. Snippet: Scala gerir kóðann óorðinn, betri afköst hans en Java., better, better
Compare pasta to pizza. Snippet: Pastað var miðlungs, ekki eins eftirminnilegt og pizzan., worse, worse
Compare fótbolti to íshokkí. Snippet: Ég tísti til baka að ég hélt að fótbolti, jafnvel ömurlegur Pro Bowl leikur, myndi samt toppa íshokkí í Chicago., better, better
Compare Python to Haskell. Snippet: Uppfærsla 2007-01-26: Auðvitað er Python útgáfan ekki auðveldari að grúska en þessi Haskell útgáfa:, worse, worse
Compare Java to Python. Snippet: Er Java virkilega svona miklu hraðari en Python eða er einhver alvarleg hagræðing í gangi?, worse, better
Compare Windows 8 to Windows 7. Snippet: Hvað getur Windows 8 gert fyrir mig sem Windows 7 getur ekki gert betur nú þegar?, worse, worse
Compare Windows XP to Windows 8. Snippet: Ekki eru allir notendur með sjálfvirkar uppfærslur, en þegar notendur fara frá stýrikerfum sem gera það ekki (Windows XP) yfir í þá sem gera það (Windows 7 og Windows 8), leiðir það til betra öryggi., better, worse
Compare NetBeans to Eclipse. Snippet: (10 fyrir NetBeans, -5 fyrir Eclipse), worse, better
Compare OpenGL to Direct3D. Snippet: MrSeb skrifar „Í snúningi sem styrkir andstyggð Valve á Windows 8, kemur í ljós að Source vélin - þrívíddarvélin sem knýr Half Life 2, Left 4 Dead og Dota 2 - keyrir hraðar á Ubuntu 12.04 og OpenGL (315 fps) en Windows 7 og DirectX/Direct3D (270,6 fps) næstum 20% hraða., better, better
Compare carolina to california. Snippet: Norður-Karólína er ekki öruggari en Kalifornía., worse, worse
Compare súpa to pizza. Snippet: Við nutum máltíðar á Café Bagdad (frábær súpa, ömurleg pizza, sanngjarnt verð) með útsýni yfir Plaza., worse, better
Compare Perl to PHP. Snippet: Satt, en það eru nokkrir hlutir sem eru óendanlega auðveldari í Perl en PHP., better, better
Compare Haskell to Java. Snippet: Nat Pryce tók eftir því að söfn voru unnin auðveldari (og með minni kóða) í Haskell og Smalltalk lausnunum en í Java., better, better
Compare IBM to Dell. Snippet: Lenovo hefur gert gott starf við að gera sérsniðna auðveldari síðan á dögum IBM, þó að þeir séu líklega enn ekki eins góðir og Dell., better, worse
Compare Samsung to Toshiba. Snippet: Ég var heppinn að fá einn með Samsung SSD sem er miklu hraðari en Toshiba SSD., better, better
Compare georgia to california. Snippet: Georgia Tech gestgjafi tók forystu í annarri lotu á 12 undir 548 höggum, höggi betra en Kalifornía í öðru sæti., better, better
Compare Python to Bash. Snippet: Eina ráðleggingin væri að fara yfir í Python (eða eitthvað betra en Bash/perl) til að auka stuðning og upptöku bókasafna., better, better
Compare Perl to Java. Snippet: Perl getur safnað saman, fínstillt og framkvæmt sumar athafnir hraðar en Java getur hlaðið, frumstillt sig og framkvæmt fyrirframsamsettan .class, better, better
Compare viður to pappi. Snippet: það er þó á viðarbúti, sem er miklu auðveldara að flytja en pappa., better, better
Compare Scala to Java. Snippet: Notkun mín á Scala hingað til hefur verið sem „betri Java., better, better
Compare vörubíll to mótorhjól. Snippet: Ég hef eiginlega ekki notað vörubílinn minn lengur þar sem ég á mótorhjól (sparar bensín á meðan ég kemst hraðar)., better, worse
Compare Windows Vista to Windows XP. Snippet: Reklastuðningur fyrir Windows Vista x64 og Windows 7 x64 er vissulega miklu betri en hann var fyrir Windows XP x64 Edition., better, better
Compare ps2 to ds. Snippet: Á morgun, ps2 og eitthvað WALL-E (ég get ekki spilað þann leik á ds lengur, þar sem hann er svooooo miklu hægari, leiðinlegri og allt sem þú getur gert er að búa til/kasta teningum)., worse, better
Compare Apple to Dell. Snippet: En í báðum tilfellum fær Apple lélegar einkunnir frá Greenpeace á meðan Dell fær betri einkunnir, þrátt fyrir þá óþægilegu staðreynd að báðir eru á nákvæmlega sama báti: fastir., worse, worse
Compare Java to Scala. Snippet: Það gæti verið auðveldara að ráða Java forritara, en Scala teymi mun geta gert miklu meira, worse, worse
Compare Scala to Java. Snippet: Námshraði fyrir Scala er hraðari en C++ eða Java fyrir sama verkefni., better, better
Compare Scala to Java. Snippet: Kóðinn minn Scala er venjulega helmingi lengri en það sama og gert í gegnum Java, auk þess sem hann er hnitmiðaðri og auðveldari í viðhaldi., better, better
Compare youtube to itunes. Snippet: Þú getur hlustað á það á youtube en upptakan á itunes er betri - og þess virði!, worse, worse
Compare Python to Java. Snippet: Ég hefði búist við að Python væri hægari en Java, en það er greinilega ekki raunin., better, better
Compare PostgreSQL to Oracle. Snippet: Fólk gæti valið að nota PostgreSQL vegna þess að það hatar Oracle, eða MySQL vegna þess að það er auðveldara að finna hýsingu, eða aðra hvora vöruna vegna þess að það þekkir hana betur, og það er algjörlega réttmætt og kannski þess virði að tala um, en - að hluta til í þágu sáttar meðal samfélaga sem ættu að vera bandamenn - það er ekki það sem ég ætla að tala um hér., worse, better
Compare Groovy to Java. Snippet: Groovy veitir tungumálastuðning til að gera venjubundin verkefni á safntegundum auðveldari en Java forritarar eru vanir., better, better
Compare BMW to Honda. Snippet: Mál Þar sem BMW 320 er mun grannari en Honda Accord Hybrid, verður miklu auðveldara að finna nógu breitt pláss á troðfullu bílastæði., better, better
Compare Honda to Ford. Snippet: Núna eru bandarísk fyrirtæki að framleiða mjög góða bíla, en skynjunin er sú að Honda Civic sé í eðli sínu betri en Ford Focus., better, better
Compare Oracle to PostgreSQL. Snippet: Það kom mér líka á óvart hversu öflugur fyrirspurnaskipuleggjandinn og fínstillingartækin eru í samanburði við Oracle þegar árangursprófanir okkar komust að því að PostgreSQL var hraðari., better, worse
Compare lacrosse to íshokkí. Snippet: Ég hefði kannski verið aðeins betri lacrosse leikmaður en íshokkí leikmaður., better, better
Compare Ruby to Python. Snippet: Ruby er ekki (að mínu mati) of hægari en Perl, Python eða PHP., worse, worse
Compare Pepsi to Coca-Cola. Snippet: Þessi færsla lítur á Pepsi-Cola, risastórt fjölþjóðlegt fyrirtæki sem reynir meira og meira að ná í fyrsta sæti, Coca-Cola., worse, worse
Compare sími to fartölva. Snippet: Ég þarf ekki að síminn minn sé hraðari en fartölvan mín., worse, better
Compare Hewlett-Packard to Dell. Snippet: En þeir sem eru með breiðari eignasafn - eins og Hewlett-Packard og IBM - munu geta staðist storminn betur en þeir eins og Dell,“ sagði Kumar., better, better
Compare oregon to michigan. Snippet: Búast við auknum líkum á næstum eðlilegu hitastigi í Washington, Oregon og vesturhluta Indiana og kaldara en venjulega í Michigan og norðurhluta Wisconsin., worse, better
Compare Perl to PHP. Snippet: Ég notaði Perl eða hvíta mína eigin CGI í C, en PHP er svo miklu auðveldara en annað hvort., better, worse
Compare Toyota to BMW. Snippet: Að sögn Mike Watson, vörufræðslustjóra Lexus, Toyota-háskóla (Torrance, Kaliforníu), er mótstöðustuðullinn jafn og Mercedes E-flokks og er tveimur stigum betri en BMW 5-línan., better, better
Compare Java to Scala. Snippet: Ef þú eyðir er líklegt að þú eyðir meiri tíma með Java, þá eru Scala eða Groovy hugsanlega betri valkostir., worse, worse
Compare hafnabolti to körfubolti. Snippet: MJ var betri í hafnabolta en körfuboltaliðsstjórnun., worse, better
Compare Audi to Lexus. Snippet: Þægindi Vegna stærri tankstærðar og betri sparneytni Audi Q7 muntu örugglega stoppa færri á bensínstöðinni en með Lexus RX 450h., better, better
Compare Apple to Intel. Snippet: Í öðrum fréttum er Apple að uppfæra núverandi úrval af MacBook Air fartölvum með hraðari örgjörvum frá Intel., better, better
Compare Lisp to Python. Snippet: Ég get verið ljóðrænn um tæknilega yfirburði tungumála eins og Self, Smalltalk og Lisp samanborið við minni tungumál eins og Java og C# (og jafnvel Ruby og Python), en þetta skiptir ekki máli ef fólk er bara ekki „þægilegt“ með þessum meintu „æðstu“ tungumálum., better, better
Compare PHP to Java. Snippet: Hæ, ég nota PHP löggildingu fyrir síðurnar mínar, það er betra en Java script sannprófun?, worse, better
Compare Direct3D to OpenGL. Snippet: Eins og það er, DirectX er ekki að fara neitt þrátt fyrir það sem einhver frá Epic gæti sagt; Windows Direct3D stuðningur frá ökumönnum (til að byrja með) er bara betri en OpenGL stuðningurinn í mörgum tilfellum, nógu mörg tilfelli til að það þarf að styðja hann eða leikur mun bara detta á mörgum tölvum., better, better
Compare Amazon to Apple. Snippet: Google og Amazon þykja betri kaup en Apple??? Kannski endar heimurinn 21.!!!!!! LOL, better, better
Compare Java to Lisp. Snippet: Við segjum „Java er hliðið að helvíti“. Lisp er bara betri valkostur við snjalla internetið: Það keyrir á 14 mismunandi kerfum og þarf enga tegund af sýndarvél því það safnar saman beint í innfæddar vélarleiðbeiningar á öllum vinsælum örgjörvaarkitektúrum.&#39;, better, worse
Compare Ford to Toyota. Snippet: Þrátt fyrir að Ford CMax Hybrid fái betri sparneytni hefur Toyota Hybrid kerfið orð á sér fyrir að virka einstaklega vel., worse, worse
Compare ps2 to psp. Snippet: Einnig á meðan þú ert að því skaltu búa til ps2 handbók, samhæfnin er betri en psp og auðveldara er að rífa leiki., better, better
Compare reagan to kennedy. Snippet: Hvað ef Ronald Reagan hefði klætt Ivy betur en Jack Kennedy?, worse, better
Compare Léttviður to timbur. Snippet: Þú getur notað krossviður fyrir grunnbar en timburplankar líta fallegri út fyrir vandaðri uppsetningu og auðveldara er að klára það með bletti eða málningu., worse, worse
Compare Windows 7 to Windows 8. Snippet: Ég tel Windows 7 mjög skilvirkt og Windows 8 er enn betra., better, worse
Compare Chevrolet to Ford. Snippet: Ég keyri á Chevrolet Trailblazer...ekki mikið öðruvísi en Envoy...og finnst hann ekki gamaldags...Ég held að Ford eða Chrysler hafi ekki staðið sig betur?, worse, better
Compare vörubíll to rúta. Snippet: Kannski hraðskreiðasti matarbíll sem ég hef farið í, svo miklu hraðari en Burger strætó., better, better
Compare Lisp to Python. Snippet: Meðan hann var í fyrirtækinu okkar töldu sumir samstarfsmenn hann vera snillingur, því hann gat talað mikið um &#39;samstillingar þýðanda&#39;, &#39;Linux ræsingarröð&#39;, &#39;samsetningu kjarnans&#39;, &#39;af hverju Lisp er betri en Python&#39; osfrv. ., better, better
Compare Direct3D to OpenGL. Snippet: Númer eitt: Í því algera (og ósennilegt) versta tilviki að MS minnkar Direct3D stuðning sinn í lágmarki, þá er ástandið samt betra en OpenGL., better, better
Compare Perl to Ruby. Snippet: Svo gettu hvað, ég þekki Perl miklu betur en Ruby., worse, better
Compare Bluetooth to USB. Snippet: 1) Fartölva eða netbók með Bluetooth þýðir að ég þarf ekki að tengja neitt í USB tengi til að nota almennilega mús með tölvunni., better, better
Compare PostgreSQL to MySQL. Snippet: Hvað varðar það hvar PostgreSQL gengur betur en MySQL, þá er mín skoðun., better, better
Compare Toyota to Chrysler. Snippet: 11/2/07) á þessu ári, 1. nóvember, eru góðu fréttirnar fyrir nýjan forstjóra Robert Nardelli og tvo varaformenn, sitjandi Tom LaSorda hans og fyrrverandi yfirmann Toyota Motor (TM) Norður-Ameríku, James Press, að þeir hafa sjálfræði. að taka ákvarðanir mun hraðar en Chrysler gat undir stjórn Daimler (DAI)., worse, better
Compare Google to Microsoft. Snippet: Ég segi að Google sé hið nýja Microsoft og í mörgum tilfellum eru þau enn verri., worse, worse
Compare mjólk to gos. Snippet: Vatn eða léttmjólk er augljóslega betri kostur en gos eða aðrir sykraðir drykkir., worse, better
Compare Java to Python. Snippet: Kosturinn við Java umfram Python fyrir vísindalega tölvuvinnslu er hraðari fyrir, better, better
Compare Ford to BMW. Snippet: Ford segir að venjulegur Boss 302 muni fara yfir Laguna Seca sekúndu hraðar en BMW M3 (Laguna Seca pakkinn er enn einni sekúndu hraðari) og við hneigjumst til að trúa þeim., better, better
Compare Perl to Java. Snippet: En færslan þín er bara vísbending um að Perl sé betri en Java fyrir límkóða., better, better
Compare Nikon to Sigma. Snippet: Fljótlega eftir að ég keypti RX1 og sá sjálfur að frammistaðan í fjarlægum/óendanleikanum var óvenjuleg (yfir allar 35 mm linsur sem ég hafði notað á 24MP myndavél áður OG betri en nýja Nikon G 28/1.8G eins og hún var notuð á þá D800E, þó Ég er viss um að betri linsa eins og Sigma 35 1.4 gæti verið betri en RX1 á D800E)., better, worse
Compare Python to Perl. Snippet: arrrggghh...Python er hræðilegt tungumál - bara Perl sýgur verra., worse, better
Compare Pepsi to Coca-Cola. Snippet: Fyrir allt fólkið sem heldur að Pepsi sé MIKLU betra en Coca-Cola, þá muntu líka finna þinn eigin drykk., worse, better
Compare Python to Java. Snippet: Eru Python fólk virkilega flottara en Java fólk?, worse, better
Compare Toyota to Chrysler. Snippet: Nú gæti það verið ástæðan fyrir því að Toyota hefur betri markaðsstöðu en GM, Ford og Chrysler., better, better
Compare JavaScript to Perl. Snippet: JavaScript minnir mig á Perl 4 með örlítið betri setningafræði og nokkra viðbótareiginleika (grundvallarorðafræðisvið, hærri röð aðgerðir og aðferðasendingar, svo ekki sé minnst á samkeppnisútfærslur með mikilli fyrirhöfn sem varið er í að fínstilla skilvirkni sem felst í sumum fátækustu villur í hönnun tungumálsins)., better, better
Compare ds to wii. Snippet: Það er betra á ds en á wii, en samt helvítis gaman., better, better
Compare Java to Python. Snippet: Varðandi þetta eru C/C++/D/Java/C#/etc verri og Python og Go betri., better, worse
Compare Perl to Python. Snippet: Fyrir sumt fólk virkar Perl betur en Python., better, better
Compare Python to PHP. Snippet: Python gerir fylki (sem listar og tuples) miklu betur en PHP gerir., better, better
Compare Bluetooth to USB. Snippet: (Til að komast í kringum þetta nota ég innbyggða Bluetooth FTP; það er mun hægara en að nota USB tengingu væri ella.), worse, worse
Compare Ferrari to BMW. Snippet: Það er kaldhæðnislegt að Ferrari, lambo, GTR, bentley okkar eru meira en BMW //M og MERC AMG., worse, better
Compare Nike to Adidas. Snippet: Einkunn 4 af 5 af NorgiFussball Passar reikninginn Nike skórnir virðast passa betur við börnin okkar en Adidas á þessum aldri (U11, U13)., better, better
Compare Windows 8 to Windows 7. Snippet: Svo við getum búist við, Windows 8 verður betra en Windows 7 stýrikerfið., better, better
